{"cameraMode":{"drawMode":0,"name":"Shaded","section":"Shading Mode"},"sceneLighting":true,"audioPlay":false,"sceneViewState":{"m_AlwaysRefresh":false,"showFog":true,"showSkybox":false,"showFlares":true,"showImageEffects":true,"showParticleSystems":true,"showVisualEffectGraphs":true,"m_FxEnabled":true},"in2DMode":false,"pivot":{"x":10.341241836547852,"y":16.834688186645509,"z":-262.35235595703127},"rotation":{"x":-0.0018484311876818538,"y":0.9977216124534607,"z":-0.029941264539957048,"w":-0.061457034200429919},"size":38.54332733154297,"orthographic":false}