{"cameraMode":{"drawMode":0,"name":"Shaded","section":"Shading Mode"},"sceneLighting":false,"audioPlay":false,"sceneViewState":{"showFog":true,"showMaterialUpdate":false,"showSkybox":false,"showFlares":true,"showImageEffects":true,"showParticleSystems":true},"in2DMode":false,"pivot":{"x":-0.39295268058776858,"y":1.628486156463623,"z":-1.065768837928772},"rotation":{"x":-0.11947915703058243,"y":0.09578882157802582,"z":-0.011523830704391003,"w":-0.9882770776748657},"size":1.9150904417037964,"orthographic":false}