{"cameraMode":{"drawMode":0,"name":"Shaded","section":"Shading Mode"},"sceneLighting":true,"audioPlay":false,"sceneViewState":{"showFog":true,"showMaterialUpdate":false,"showSkybox":true,"showFlares":true,"showImageEffects":true,"showParticleSystems":true},"in2DMode":false,"pivot":{"x":-6.334052562713623,"y":1.433874249458313,"z":6.997884273529053},"rotation":{"x":-0.015198629349470139,"y":-0.9496026635169983,"z":-0.046773530542850497,"w":0.31004980206489565},"size":2.5813071727752687,"orthographic":false}